Player,G,MP,FG,FGA,FG%,3P,3PA,3P%,2P,2PA,2P%,FT,FTA,FT%,ORB,DRB,AST,STL,BLK,TOV,PTS,Cluster
Aaron Gordon\gordoaa01,58,1909,7.1,16.3,0.434,2.2,6.4,0.336,4.9,9.9,0.497,3.0,4.2,0.698,1.6,7.0,2.6,1.1,0.8,2.0,19.3,0
Al Horford\horfoal01,72,2277,5.8,11.9,0.489,1.5,3.6,0.429,4.3,8.3,0.514,1.5,1.9,0.783,1.6,6.8,5.4,0.7,1.2,2.1,14.7,0
Al-Farouq Aminu\aminual01,69,2072,4.0,10.1,0.395,2.2,5.9,0.369,1.8,4.2,0.432,1.0,1.4,0.738,1.7,7.4,1.5,1.4,0.7,1.4,11.2,0
Alec Burks\burksal01,64,1059,5.8,14.1,0.411,1.6,4.8,0.331,4.2,9.2,0.452,3.6,4.2,0.863,0.6,5.9,2.3,1.3,0.3,2.0,16.8,2
Alex Abrines\abrinal01,75,1134,3.7,9.2,0.395,2.7,7.0,0.38,1.0,2.2,0.443,1.2,1.5,0.848,0.8,2.8,0.9,1.2,0.3,0.8,11.2,2
Alex Len\lenal01,69,1395,5.5,9.8,0.566,0.0,0.1,0.333,5.5,9.7,0.568,4.1,6.0,0.684,4.5,8.9,2.1,0.7,1.6,2.0,15.1,2
Allen Crabbe\crabbal01,75,2197,5.5,13.6,0.407,3.3,8.7,0.378,2.2,4.8,0.461,1.9,2.2,0.852,0.5,4.9,1.9,0.8,0.6,1.3,16.2,0
Amir Johnson\johnsam01,74,1171,4.3,8.0,0.538,0.3,1.0,0.313,4.0,7.0,0.57,1.6,2.6,0.612,3.8,6.4,3.6,1.4,1.4,1.7,10.5,2
Andre Drummond\drumman01,78,2625,6.4,12.1,0.529,0.0,0.2,0.0,6.4,11.9,0.536,3.3,5.4,0.605,5.5,11.6,3.3,1.6,1.7,2.7,16.1,0
Andre Iguodala\iguodan01,64,1622,3.3,7.1,0.463,0.7,2.6,0.282,2.6,4.5,0.567,1.2,1.9,0.632,1.1,4.4,4.7,1.2,0.8,1.5,8.5,2
Andre Roberson\roberan03,39,1037,3.0,5.6,0.537,0.3,1.2,0.222,2.7,4.4,0.627,0.4,1.3,0.316,2.6,3.8,1.6,1.6,1.2,1.0,6.7,2
Andrew Harrison\harrian01,56,1326,4.9,11.6,0.422,1.3,3.9,0.331,3.6,7.8,0.467,3.4,4.3,0.78,0.6,2.9,4.8,1.0,0.7,2.2,14.5,2
Andrew Wiggins\wiggian01,82,2979,6.9,15.7,0.438,1.4,4.1,0.331,5.5,11.6,0.475,2.4,3.8,0.643,1.0,3.3,1.9,1.1,0.6,1.7,17.5,1
Anthony Davis\davisan02,75,2727,10.3,19.3,0.534,0.7,2.1,0.34,9.6,17.2,0.558,6.5,7.9,0.828,2.5,8.5,2.3,1.5,2.5,2.1,27.9,0
Anthony Tolliver\tollian01,79,1757,4.5,9.7,0.464,3.3,7.5,0.436,1.2,2.2,0.561,2.2,2.7,0.797,1.0,3.9,1.8,0.7,0.4,1.2,14.4,2
Aron Baynes\baynear01,81,1485,5.1,10.8,0.471,0.1,0.5,0.143,5.0,10.3,0.487,1.4,1.9,0.756,3.2,7.4,2.3,0.5,1.2,1.9,11.7,2
Austin Rivers\riverau01,61,2057,6.0,14.1,0.424,2.4,6.3,0.378,3.6,7.8,0.461,1.8,2.8,0.642,0.5,2.1,4.2,1.3,0.3,1.9,16.1,0
Avery Bradley\bradlav01,92,2866,6.266666666666667,14.633333333333333,0.43199999999999994,1.4000000000000001,4.2,0.287,4.866666666666666,10.433333333333332,0.4673333333333334,1.2333333333333334,1.5999999999999999,0.8436666666666667,0.6,2.8666666666666667,2.4,1.2333333333333334,0.20000000000000004,2.2666666666666666,15.200000000000001,1
Bam Adebayo\adebaba01,69,1368,4.6,8.9,0.512,0.0,0.2,0.0,4.6,8.8,0.523,3.4,4.7,0.721,3.1,6.9,2.7,0.8,1.1,1.7,12.6,2
Ben McLemore\mclembe01,56,1091,5.2,12.3,0.421,1.8,5.2,0.346,3.4,7.1,0.477,1.7,2.1,0.828,1.1,3.5,1.7,1.3,0.5,2.0,13.9,2
Ben Simmons\simmobe01,81,2732,7.2,13.2,0.545,0.0,0.1,0.0,7.2,13.0,0.551,2.5,4.5,0.56,1.9,6.8,8.7,1.8,0.9,3.7,16.9,0
Bismack Biyombo\biyombi01,82,1495,4.4,8.5,0.52,0.0,0.0,0.0,4.4,8.5,0.521,2.5,3.8,0.65,3.5,7.8,1.6,0.5,2.3,2.0,11.3,2
Blake Griffin\griffbl01,116,3940,7.966666666666666,18.2,0.43733333333333335,2.0,5.866666666666667,0.345,5.8999999999999995,12.333333333333334,0.48100000000000004,4.633333333333334,5.8999999999999995,0.7846666666666667,1.3333333333333333,6.433333333333334,6.166666666666667,0.7000000000000001,0.3333333333333333,3.0,22.599999999999998,1
Bobby Portis\portibo01,73,1643,8.4,17.8,0.471,1.8,4.9,0.359,6.6,12.9,0.514,2.6,3.4,0.769,3.5,7.4,2.7,1.1,0.5,2.3,21.1,2
Bogdan Bogdanovic\bogdabo01,78,2175,5.7,12.8,0.446,2.1,5.4,0.392,3.6,7.3,0.485,1.7,2.0,0.84,0.5,3.2,4.3,1.2,0.3,2.1,15.2,0
Bojan Bogdanovic\bogdabo02,80,2464,5.9,12.4,0.474,2.3,5.6,0.402,3.6,6.8,0.534,2.6,3.0,0.868,0.4,3.5,1.7,0.8,0.1,1.5,16.7,0
Bradley Beal\bealbr01,82,2977,8.3,17.9,0.46,2.4,6.4,0.375,5.9,11.5,0.507,3.5,4.5,0.791,0.7,3.7,4.5,1.2,0.4,2.6,22.5,1
Brandon Ingram\ingrabr01,59,1975,6.5,13.9,0.47,0.7,1.9,0.39,5.8,12.0,0.483,3.5,5.1,0.681,1.0,4.7,4.2,0.8,0.8,2.7,17.3,0
Brook Lopez\lopezbr01,74,1735,7.7,16.5,0.465,2.3,6.7,0.345,5.3,9.7,0.549,2.3,3.3,0.703,1.5,4.6,2.6,0.6,2.0,2.0,19.9,2
Bryn Forbes\forbebr01,80,1517,5.0,11.8,0.421,2.1,5.4,0.39,2.8,6.4,0.446,1.1,1.7,0.667,0.3,2.3,1.9,0.7,0.0,0.9,13.2,2
Buddy Hield\hieldbu01,80,2024,7.4,16.6,0.446,3.1,7.3,0.431,4.3,9.3,0.457,1.3,1.4,0.877,1.0,4.5,2.8,1.5,0.4,2.2,19.2,0
C.J. Miles\milescj01,70,1337,6.1,16.1,0.379,4.4,12.2,0.361,1.7,3.9,0.434,2.2,2.6,0.835,0.5,3.6,1.5,1.0,0.6,1.1,18.8,2
CJ McCollum\mccolcj01,81,2923,8.2,18.5,0.443,2.3,5.9,0.397,5.9,12.7,0.465,2.6,3.1,0.836,0.7,3.3,3.3,0.9,0.4,1.9,21.3,1
Caris LeVert\leverca01,71,1864,6.2,14.2,0.435,1.6,4.7,0.347,4.5,9.5,0.48,2.6,3.6,0.711,1.0,4.0,5.8,1.6,0.4,3.0,16.6,0
Carmelo Anthony\anthoca01,78,2501,6.8,16.8,0.404,2.4,6.8,0.357,4.4,10.0,0.437,2.1,2.8,0.767,1.0,5.6,1.5,0.7,0.7,1.4,18.2,0
Channing Frye\fryech01,106,1390,5.233333333333333,10.833333333333334,0.48433333333333334,2.066666666666667,5.966666666666666,0.34400000000000003,3.1999999999999997,4.833333333333333,0.655,0.8333333333333334,1.0,0.8593333333333334,0.6,6.166666666666667,2.066666666666667,0.7333333333333334,0.5666666666666667,1.0666666666666667,13.4,2
Chris Paul\paulch01,58,1847,7.2,15.6,0.46,2.8,7.4,0.38,4.3,8.2,0.532,4.0,4.3,0.919,0.7,5.4,8.9,1.9,0.3,2.5,21.1,2
Clint Capela\capelca01,74,2034,7.8,12.0,0.652,0.0,0.0,0.0,7.8,11.9,0.653,2.5,4.5,0.56,4.3,9.9,1.2,1.0,2.4,1.8,18.2,0
Corey Brewer\breweco01,144,2416,4.233333333333333,9.466666666666667,0.4486666666666667,0.9666666666666668,3.4,0.2703333333333333,3.266666666666667,6.066666666666666,0.538,1.9666666666666668,2.6666666666666665,0.7280000000000001,1.3,3.266666666666667,1.9000000000000001,2.4,0.4000000000000001,1.4333333333333333,11.433333333333332,0
Cory Joseph\josepco01,82,2210,4.2,9.8,0.424,1.1,3.1,0.353,3.1,6.7,0.457,1.1,1.5,0.745,0.6,3.6,4.2,1.3,0.3,1.4,10.6,0
Courtney Lee\leeco01,76,2310,5.3,11.8,0.454,1.8,4.3,0.406,3.6,7.4,0.482,1.8,1.9,0.919,0.5,3.0,2.8,1.2,0.3,1.3,14.2,0
D'Angelo Russell\russeda01,48,1234,8.1,19.6,0.414,2.6,8.1,0.324,5.5,11.5,0.477,2.8,3.8,0.74,0.9,4.6,7.3,1.1,0.5,4.3,21.7,2
D.J. Augustin\augusdj01,75,1760,5.0,11.0,0.452,2.3,5.6,0.419,2.7,5.5,0.485,3.4,3.9,0.868,0.6,2.7,5.9,1.1,0.0,2.5,15.7,2
Damian Lillard\lillada01,73,2670,8.4,19.1,0.439,3.1,8.5,0.361,5.3,10.6,0.501,6.6,7.3,0.916,0.8,3.5,6.5,1.0,0.4,2.8,26.5,0
Danny Green\greenda02,70,1791,4.4,11.3,0.387,2.3,6.4,0.363,2.0,4.8,0.419,1.0,1.3,0.769,0.8,4.2,2.2,1.3,1.6,1.5,12.1,2
Dante Cunningham\cunnida01,146,3124,4.066666666666666,8.966666666666667,0.453,1.4333333333333333,4.066666666666666,0.3506666666666667,2.6333333333333333,4.8999999999999995,0.54,0.7333333333333334,1.2333333333333334,0.6133333333333333,1.9000000000000001,5.3,1.2333333333333334,0.9333333333333332,0.7666666666666666,0.9,10.333333333333334,1
Dario Saric\saricda01,78,2310,6.3,13.9,0.453,2.4,6.2,0.393,3.8,7.7,0.501,2.8,3.2,0.86,2.4,5.7,3.1,0.8,0.3,2.3,17.8,0
Darius Miller\milleda01,82,1944,4.0,9.0,0.444,2.7,6.6,0.411,1.3,2.4,0.535,1.1,1.2,0.866,0.3,2.7,2.1,0.5,0.3,1.1,11.8,0
Darren Collison\collida01,69,2018,5.6,11.4,0.495,1.7,3.7,0.468,3.9,7.7,0.508,2.3,2.6,0.882,0.7,2.5,6.6,1.6,0.3,1.5,15.3,0
David Nwaba\nwabada01,70,1646,4.4,9.3,0.478,0.4,1.1,0.346,4.0,8.1,0.496,2.9,4.4,0.655,1.9,5.2,2.3,1.3,0.6,1.7,12.1,2
Davis Bertans\bertada01,77,1086,5.3,12.1,0.44,3.1,8.4,0.373,2.2,3.8,0.588,1.3,1.6,0.816,0.6,4.5,2.5,0.9,0.9,1.2,15.1,2
De'Aaron Fox\foxde01,73,2026,5.8,14.2,0.412,0.8,2.7,0.307,5.0,11.4,0.436,2.5,3.5,0.723,0.6,3.0,5.7,1.2,0.4,3.1,15.0,0
DeAndre Jordan\jordade01,77,2424,5.5,8.6,0.645,0.0,0.0,,5.5,8.6,0.645,2.7,4.6,0.58,4.9,12.5,1.7,0.6,1.1,2.0,13.8,0
DeAndre Liggins\liggide01,116,1448,2.1,5.3999999999999995,0.38466666666666666,0.9666666666666667,2.6,0.37833333333333335,1.0999999999999999,2.766666666666667,0.3973333333333333,0.06666666666666667,0.20000000000000004,0.4,0.3333333333333333,3.4,2.5,1.7666666666666666,0.6666666666666666,1.0,5.266666666666667,2
DeMar DeRozan\derozde01,80,2711,8.6,18.8,0.456,1.2,3.8,0.31,7.4,15.0,0.494,6.1,7.4,0.825,0.8,3.4,5.5,1.1,0.3,2.3,24.4,0
DeMarcus Cousins\couside01,48,1737,8.4,17.9,0.47,2.2,6.1,0.354,6.3,11.8,0.53,6.1,8.2,0.746,2.2,10.6,5.3,1.6,1.6,5.0,25.1,2
DeMarre Carroll\carrode01,73,2180,5.4,13.0,0.414,2.4,6.5,0.371,3.0,6.5,0.457,3.1,4.1,0.764,1.7,6.2,2.4,1.0,0.5,1.7,16.2,0
Dejounte Murray\murrade01,81,1743,5.6,12.6,0.443,0.2,0.7,0.265,5.4,11.9,0.454,2.2,3.1,0.709,2.3,7.2,4.8,2.0,0.6,2.8,13.5,2
Delon Wright\wrighde01,69,1433,5.0,10.9,0.465,1.4,3.8,0.366,3.6,7.0,0.52,2.4,2.9,0.829,1.1,3.8,5.0,1.8,0.8,2.0,13.9,2
Dennis Schroder\schrode01,67,2078,8.7,19.9,0.436,1.3,4.5,0.29,7.3,15.3,0.48,3.9,4.6,0.849,0.8,2.8,7.2,1.2,0.1,3.2,22.5,0
Dennis Smith\smithde03,69,2049,7.1,18.0,0.395,1.9,6.0,0.313,5.2,12.0,0.435,2.4,3.4,0.694,0.9,3.7,6.3,1.2,0.3,3.4,18.4,0
Denzel Valentine\valende01,77,2095,5.2,12.4,0.417,2.5,6.4,0.386,2.7,6.0,0.45,0.7,0.9,0.745,0.8,5.9,4.2,1.1,0.2,1.7,13.5,0
Derrick Favors\favorde01,77,2153,6.6,11.7,0.563,0.2,1.1,0.222,6.4,10.7,0.596,2.3,3.6,0.651,3.3,5.9,1.7,0.9,1.4,1.5,15.8,0
Devin Booker\bookede01,54,1865,8.8,20.3,0.432,2.8,7.4,0.383,5.9,12.9,0.46,5.6,6.4,0.878,0.5,4.2,4.9,0.9,0.3,3.7,26.0,0
Devin Harris\harride01,142,2680,5.0,12.133333333333333,0.41100000000000003,2.1666666666666665,6.2,0.3476666666666666,2.8333333333333335,5.933333333333333,0.48033333333333333,3.733333333333333,4.5,0.8366666666666666,0.3,3.033333333333333,4.133333333333333,1.2333333333333334,0.3333333333333333,2.0,15.866666666666667,0
Dewayne Dedmon\dedmode01,62,1542,5.8,11.1,0.524,1.2,3.3,0.355,4.7,7.8,0.595,1.6,2.0,0.779,2.3,9.1,2.1,0.9,1.2,2.0,14.4,2
Dillon Brooks\brookdi01,82,2350,5.2,11.8,0.44,1.4,4.0,0.356,3.8,7.8,0.484,1.9,2.5,0.747,0.8,3.2,2.1,1.1,0.3,1.9,13.8,0
Dirk Nowitzki\nowitdi01,77,1900,6.6,14.4,0.456,2.6,6.4,0.409,3.9,8.0,0.494,1.8,2.0,0.898,0.4,7.9,2.3,0.8,0.9,1.0,17.6,0
Domantas Sabonis\sabondo01,74,1810,6.8,13.1,0.514,0.3,0.7,0.351,6.5,12.4,0.524,3.3,4.5,0.75,3.3,8.1,3.0,0.8,0.6,2.7,17.1,2
Donovan Mitchell\mitchdo01,79,2638,8.1,18.6,0.437,2.6,7.5,0.34,5.6,11.1,0.502,3.3,4.1,0.805,0.7,3.3,4.0,1.6,0.4,2.9,22.1,0
Doug McDermott\mcderdo01,162,3536,4.866666666666666,10.433333333333334,0.4683333333333333,1.9666666666666668,4.466666666666667,0.43566666666666665,2.9333333333333336,5.966666666666666,0.4916666666666667,1.3,1.6333333333333335,0.8006666666666667,0.7333333333333334,3.3333333333333335,1.6333333333333335,0.39999999999999997,0.3,1.1333333333333335,13.033333333333333,1
Dragan Bender\bendedr01,82,2069,3.3,8.4,0.386,2.1,5.6,0.366,1.2,2.8,0.426,0.7,0.9,0.765,0.7,5.6,2.3,0.4,0.9,1.9,9.2,0
Draymond Green\greendr01,70,2287,4.4,9.7,0.454,1.2,4.0,0.301,3.2,5.7,0.562,2.1,2.7,0.775,1.2,7.2,8.0,1.5,1.4,3.2,12.2,0
Dwight Howard\howardw01,81,2463,7.4,13.3,0.555,0.0,0.1,0.143,7.4,13.2,0.559,4.9,8.5,0.574,3.7,11.1,1.5,0.7,1.9,3.0,19.7,0
Dwight Powell\poweldw01,79,1672,5.5,9.3,0.593,0.6,1.8,0.333,4.9,7.4,0.656,2.9,4.0,0.719,2.9,6.7,2.0,1.4,0.7,1.3,14.4,2
Dwyane Wade\wadedw01,134,3072,7.166666666666667,16.533333333333335,0.434,0.7333333333333334,2.733333333333333,0.27899999999999997,6.433333333333334,13.866666666666667,0.46466666666666673,3.2000000000000006,4.366666666666667,0.7200000000000001,1.0999999999999999,4.7,5.266666666666667,1.4333333333333333,1.1333333333333335,3.3666666666666667,18.2,1
E'Twaun Moore\mooreet01,82,2586,5.9,11.6,0.508,1.8,4.2,0.425,4.1,7.4,0.556,0.7,0.9,0.706,0.8,2.5,2.6,1.1,0.2,1.4,14.2,0
Ed Davis\davised01,78,1471,4.2,7.1,0.582,0.0,0.0,0.0,4.2,7.1,0.584,1.8,2.7,0.667,4.5,9.6,1.0,0.8,1.3,1.6,10.1,2
Elfrid Payton\paytoel01,126,3616,6.433333333333334,13.366666666666667,0.48266666666666663,0.5333333333333333,1.7666666666666666,0.2996666666666667,5.8999999999999995,11.533333333333333,0.5106666666666667,2.2333333333333334,3.3666666666666667,0.6553333333333334,1.2333333333333334,4.4,7.8,1.5666666666666667,0.43333333333333335,3.3666666666666667,15.633333333333333,1
Emmanuel Mudiay\mudiaem01,128,2490,5.866666666666667,15.166666666666666,0.38566666666666666,1.3,4.2,0.2956666666666667,4.566666666666666,10.966666666666667,0.41566666666666663,2.8000000000000003,3.7000000000000006,0.7513333333333333,0.7666666666666666,3.6,6.0,1.2333333333333334,0.3333333333333333,3.233333333333333,15.799999999999999,0
Enes Kanter\kanteen01,71,1830,8.3,14.0,0.592,0.0,0.0,0.0,8.3,14.0,0.594,3.1,3.6,0.848,5.4,10.0,2.1,0.7,0.7,2.4,19.7,2
Eric Bledsoe\bledser01,148,4644,7.166666666666667,15.966666666666669,0.44966666666666666,1.8333333333333333,5.599999999999999,0.33466666666666667,5.266666666666667,10.4,0.513,4.2,5.3,0.7920000000000001,0.9666666666666668,3.0,5.133333333333334,2.1,0.7333333333333334,3.633333333333333,20.4,1
Eric Gordon\gordoer01,69,2154,6.9,16.2,0.428,3.6,10.2,0.359,3.3,6.1,0.544,3.3,4.0,0.809,0.4,2.4,2.6,0.7,0.5,2.2,20.8,0
Ersan Ilyasova\ilyaser01,138,3458,5.8,12.966666666666669,0.45,1.8999999999999997,5.3,0.36000000000000004,3.933333333333333,7.666666666666667,0.5123333333333333,2.1666666666666665,2.8333333333333335,0.7703333333333333,2.5666666666666664,6.166666666666667,2.0,1.2333333333333334,0.5333333333333333,1.5666666666666667,15.700000000000001,1
Evan Fournier\fournev01,57,1837,7.2,15.7,0.459,2.5,6.6,0.379,4.7,9.2,0.516,2.9,3.4,0.867,0.5,3.1,3.2,0.9,0.3,1.9,19.9,2
Evan Turner\turneev01,79,2034,4.6,10.2,0.447,0.7,2.3,0.318,3.8,7.9,0.485,1.6,1.9,0.85,0.5,3.8,3.1,0.8,0.5,1.8,11.5,0
Frank Kaminsky\kaminfr01,79,1835,6.0,14.0,0.429,2.0,5.4,0.38,4.0,8.7,0.459,3.0,3.8,0.799,0.9,4.7,2.5,0.7,0.4,1.3,17.1,2
Frank Ntilikina\ntilila01,78,1706,3.8,10.6,0.364,1.1,3.3,0.318,2.8,7.2,0.385,1.0,1.4,0.721,0.8,3.0,5.3,1.4,0.4,2.8,9.8,2
Fred VanVleet\vanvlfr01,76,1520,5.5,12.9,0.426,2.6,6.2,0.414,2.9,6.7,0.437,2.0,2.4,0.832,0.6,3.8,5.8,1.6,0.5,1.8,15.5,2
Garrett Temple\templga01,65,1615,4.4,10.6,0.418,2.0,5.1,0.392,2.5,5.6,0.442,1.3,1.7,0.769,0.5,2.9,2.8,1.3,0.6,1.8,12.2,2
Gary Harris\harriga01,67,2304,6.9,14.2,0.485,2.4,6.2,0.396,4.4,8.0,0.553,2.1,2.5,0.827,0.6,2.2,3.0,1.9,0.2,1.9,18.3,0
George Hill\hillge01,134,3624,4.666666666666667,10.200000000000001,0.45766666666666667,1.6666666666666667,4.066666666666666,0.40633333333333327,3.0,6.066666666666666,0.49300000000000005,2.1333333333333333,2.6999999999999997,0.7896666666666667,0.8666666666666667,2.733333333333333,3.6666666666666665,1.2,0.5666666666666668,1.7,13.133333333333333,1
Giannis Antetokounmpo\antetgi01,75,2756,9.7,18.3,0.529,0.6,1.8,0.307,9.1,16.5,0.554,6.4,8.4,0.76,2.0,7.8,4.7,1.4,1.4,2.9,26.3,0
Goran Dragic\dragigo01,75,2378,7.3,16.3,0.45,1.7,4.5,0.37,5.6,11.7,0.481,3.3,4.1,0.801,0.8,3.8,5.4,1.0,0.2,2.5,19.6,0
Gorgui Dieng\dienggo01,79,1333,5.0,10.5,0.479,0.5,1.6,0.311,4.5,8.8,0.511,2.1,2.8,0.775,2.9,6.9,1.9,1.2,1.1,1.6,12.7,2
Greg Monroe\monrogr01,102,2080,7.475,13.7,0.5515,0.0,0.0,,7.475,13.7,0.5515,2.575,3.625,0.6775,3.55,8.4,3.5999999999999996,1.175,0.625,3.15,17.55,0
Harrison Barnes\barneha02,77,2634,7.3,16.5,0.445,1.6,4.6,0.357,5.7,12.0,0.478,3.5,4.3,0.827,1.1,5.3,2.1,0.7,0.2,1.6,19.8,0
Hassan Whiteside\whiteha01,54,1364,8.2,15.3,0.54,0.1,0.1,1.0,8.2,15.2,0.538,3.4,4.8,0.703,4.6,11.7,1.4,1.0,2.5,2.4,19.9,2
Ian Clark\clarkia01,74,1455,5.5,12.2,0.448,1.5,4.8,0.318,4.0,7.4,0.533,1.1,1.5,0.763,0.2,2.9,2.7,0.8,0.2,1.4,13.6,2
Ian Mahinmi\mahinia01,77,1145,4.3,7.8,0.556,0.0,0.1,0.0,4.3,7.7,0.561,2.8,4.0,0.703,4.2,5.6,1.7,1.2,1.3,3.1,11.5,2
Isaiah Taylor\taylois01,67,1167,5.0,12.0,0.418,0.6,2.5,0.25,4.4,9.6,0.461,3.1,4.3,0.702,0.7,2.2,6.4,1.0,0.3,2.6,13.7,2
Isaiah Thomas\thomais02,64,1724,6.566666666666666,17.566666666666666,0.37233333333333335,2.3000000000000003,7.866666666666667,0.291,4.3,9.700000000000001,0.4386666666666667,4.8999999999999995,5.5,0.894,0.7000000000000001,2.1,6.366666666666667,0.6333333333333333,0.13333333333333333,3.966666666666667,20.266666666666666,2
Ish Smith\smithis01,82,2043,6.9,14.1,0.486,0.6,1.8,0.347,6.2,12.3,0.506,1.4,2.0,0.698,0.5,3.5,6.3,1.1,0.4,1.9,15.8,0
J.J. Barea\bareajo01,69,1603,6.8,15.5,0.439,2.6,7.0,0.367,4.2,8.5,0.499,1.8,2.3,0.784,0.3,4.2,9.7,0.8,0.1,3.2,18.0,2
J.J. Redick\redicjj01,70,2116,6.9,15.0,0.46,3.3,7.8,0.42,3.6,7.1,0.504,3.4,3.7,0.904,0.2,2.9,3.6,0.6,0.1,1.8,20.4,0
J.R. Smith\smithjr01,80,2244,3.9,9.5,0.403,2.3,6.1,0.375,1.6,3.4,0.453,0.6,0.9,0.696,0.5,3.3,2.3,1.1,0.2,1.3,10.6,0
JaMychal Green\greenja01,55,1542,5.2,11.4,0.457,1.0,3.0,0.339,4.2,8.4,0.499,1.9,2.6,0.721,3.4,7.4,1.8,0.7,0.6,1.8,13.3,2
Jae Crowder\crowdja01,160,4180,4.8,12.0,0.4026666666666667,1.9666666666666666,6.133333333333333,0.32233333333333336,2.8333333333333335,5.866666666666667,0.486,2.1,2.566666666666667,0.8113333333333334,1.0,3.766666666666667,1.7666666666666666,1.1,0.3666666666666667,1.3,13.6,1
Jakob Poeltl\poeltja01,82,1524,6.0,9.1,0.659,0.0,0.0,0.5,6.0,9.0,0.66,1.4,2.4,0.594,3.9,5.4,1.3,0.9,2.4,2.0,13.4,2
Jamal Crawford\crawfja01,80,1653,6.7,16.2,0.415,2.3,6.8,0.331,4.4,9.3,0.477,2.2,2.5,0.903,0.5,1.7,4.0,0.9,0.2,2.1,17.9,2
Jamal Murray\murraja01,81,2565,6.7,14.9,0.451,2.3,6.1,0.378,4.4,8.8,0.502,3.2,3.6,0.905,1.2,3.0,3.8,1.1,0.4,2.4,19.0,0
Jameer Nelson\nelsoja01,100,2026,3.4,9.666666666666666,0.36033333333333334,1.1333333333333333,4.366666666666667,0.25533333333333336,2.2666666666666666,5.3,0.4376666666666667,0.6666666666666666,0.7666666666666666,0.855,0.5,2.8333333333333335,6.6000000000000005,1.0333333333333334,0.16666666666666666,2.6666666666666665,8.6,0
James Ennis\ennisja01,144,3208,4.2,8.933333333333332,0.4723333333333333,1.1666666666666667,3.6,0.3313333333333333,3.033333333333333,5.333333333333333,0.5673333333333334,2.2,2.6333333333333333,0.8266666666666667,1.5666666666666667,3.3666666666666667,1.5666666666666667,1.0666666666666667,0.4000000000000001,1.2666666666666666,11.766666666666666,1
James Harden\hardeja01,72,2551,9.2,20.4,0.449,3.7,10.2,0.367,5.4,10.3,0.531,8.8,10.3,0.858,0.6,4.9,8.9,1.8,0.7,4.4,30.9,0
James Johnson\johnsja01,73,1943,5.7,11.4,0.503,1.1,3.4,0.308,4.7,7.9,0.587,2.1,3.0,0.698,1.1,5.5,5.2,1.3,0.9,2.6,14.6,0
Jarell Martin\martija01,73,1661,4.8,10.8,0.446,0.7,2.1,0.347,4.1,8.6,0.47,1.9,2.5,0.767,2.1,4.8,1.6,0.8,1.1,1.9,12.2,2
Jarrett Allen\allenja01,72,1441,5.8,9.9,0.589,0.1,0.4,0.333,5.7,9.5,0.599,2.8,3.7,0.776,3.6,6.1,1.2,0.7,2.2,2.0,14.7,2
Jarrett Jack\jackja01,62,1548,4.4,10.3,0.427,0.6,2.0,0.291,3.8,8.3,0.459,1.5,1.7,0.84,0.5,3.9,8.1,0.8,0.1,2.7,10.8,2
Jaylen Brown\brownja02,70,2152,6.2,13.4,0.465,2.0,5.1,0.395,4.2,8.3,0.507,2.5,3.9,0.644,1.1,4.7,1.9,1.2,0.4,2.1,17.0,0
Jayson Tatum\tatumja01,80,2438,5.9,12.3,0.475,1.6,3.6,0.434,4.3,8.8,0.492,3.1,3.8,0.826,0.7,5.2,1.9,1.2,0.9,1.7,16.4,0
Jeff Green\greenje02,78,1828,5.8,12.2,0.477,1.0,3.3,0.312,4.8,8.8,0.54,4.0,4.6,0.868,1.2,3.7,1.9,0.8,0.7,1.5,16.7,2
Jeff Teague\teaguje01,70,2311,5.5,12.4,0.446,1.3,3.6,0.368,4.2,8.8,0.477,3.1,3.7,0.845,0.4,2.9,7.7,1.6,0.4,2.8,15.5,0
Jerami Grant\grantje01,81,1647,5.3,10.0,0.535,0.7,2.4,0.291,4.6,7.6,0.613,3.5,5.2,0.675,1.9,5.1,1.2,0.7,1.7,1.2,14.9,2
Jeremy Lamb\lambje01,80,1967,7.0,15.2,0.457,1.7,4.6,0.37,5.2,10.6,0.495,3.3,3.8,0.861,0.9,5.0,3.4,1.1,0.6,1.7,18.9,0
Jerian Grant\grantje02,74,1686,4.5,10.7,0.416,1.3,4.0,0.326,3.2,6.7,0.468,3.0,4.0,0.745,0.7,3.0,7.3,1.3,0.2,1.9,13.2,2
Jimmy Butler\butleji01,59,2164,7.3,15.3,0.474,1.2,3.3,0.35,6.1,12.0,0.509,6.0,7.1,0.854,1.3,3.9,4.8,1.9,0.4,1.8,21.7,0
Jodie Meeks\meeksjo01,77,1119,5.1,12.6,0.399,2.3,6.8,0.343,2.7,5.9,0.464,3.2,3.8,0.863,0.5,3.6,2.3,0.9,0.1,1.2,15.7,2
Joe Harris\harrijo01,78,1975,5.6,11.3,0.491,2.7,6.5,0.419,2.8,4.8,0.589,1.6,1.9,0.827,0.9,3.8,2.3,0.6,0.4,1.7,15.4,0
Joe Ingles\inglejo01,82,2578,4.7,10.0,0.467,2.8,6.5,0.44,1.8,3.5,0.516,0.9,1.2,0.795,0.3,4.5,5.5,1.3,0.3,2.2,13.1,0
Joe Johnson\johnsjo02,110,2410,4.3,10.666666666666666,0.4023333333333334,1.2,4.3,0.2763333333333334,3.1,6.3,0.48866666666666664,1.2,1.3333333333333333,0.8913333333333333,0.3666666666666667,4.7,2.5,0.5,0.19999999999999998,1.4666666666666668,11.0,0
Joel Embiid\embiijo01,63,1912,9.6,19.9,0.483,1.2,4.0,0.308,8.4,15.9,0.527,6.8,8.8,0.769,2.7,10.3,3.7,0.8,2.1,4.4,27.2,0
John Collins\collijo01,74,1785,6.3,11.0,0.576,0.3,0.9,0.34,6.0,10.0,0.598,2.7,3.8,0.715,3.5,7.4,2.0,0.9,1.6,2.1,15.7,2
John Henson\hensojo01,76,1970,5.2,9.2,0.572,0.0,0.1,0.143,5.2,9.0,0.578,1.6,2.9,0.57,2.7,6.6,2.1,0.8,2.0,1.5,12.2,0
John Wall\walljo01,41,1410,7.1,17.0,0.42,1.6,4.3,0.371,5.6,12.8,0.436,4.5,6.2,0.726,0.6,3.3,10.0,1.5,1.1,4.0,20.3,2
Jonas Jerebko\jerebjo01,74,1134,5.0,10.8,0.466,2.1,5.0,0.414,3.0,5.8,0.511,1.5,1.8,0.807,1.7,6.1,1.3,0.8,0.4,0.9,13.6,2
Jonas Valanciunas\valanjo01,77,1727,8.1,14.3,0.568,0.6,1.5,0.405,7.5,12.8,0.587,3.5,4.4,0.806,3.8,9.9,1.7,0.6,1.4,2.4,20.4,2
Jonathon Simmons\simmojo02,69,2029,6.3,13.5,0.465,1.2,3.6,0.338,5.1,9.9,0.512,3.3,4.3,0.768,1.1,3.2,3.0,1.0,0.3,2.6,17.1,0
Jordan Clarkson\clarkjo01,162,3776,8.1,17.866666666666667,0.45166666666666666,2.1666666666666665,6.1000000000000005,0.361,5.8999999999999995,11.799999999999999,0.49700000000000005,2.8666666666666667,3.5666666666666664,0.8016666666666667,1.0333333333333334,3.0,3.966666666666667,1.1,0.13333333333333333,2.3000000000000003,21.2,1
Josh Hart\hartjo01,63,1461,4.3,9.2,0.469,1.9,4.9,0.396,2.4,4.4,0.551,1.6,2.3,0.702,1.0,5.4,2.0,1.2,0.4,1.2,12.2,2
Josh Jackson\jacksjo02,77,1959,7.1,17.1,0.417,1.0,4.0,0.263,6.1,13.1,0.464,3.3,5.1,0.634,1.7,4.7,2.2,1.5,0.6,2.7,18.6,0
Josh Richardson\richajo01,81,2689,5.3,11.8,0.451,1.7,4.5,0.378,3.6,7.3,0.495,1.6,1.9,0.845,0.9,2.9,3.1,1.6,1.0,1.9,14.0,0
Jrue Holiday\holidjr01,81,2927,7.6,15.3,0.494,1.5,4.4,0.337,6.1,10.9,0.557,2.3,2.9,0.786,0.8,3.7,6.0,1.5,0.8,2.6,18.9,1
Julius Randle\randlju01,82,2190,8.3,14.9,0.558,0.2,0.7,0.222,8.1,14.1,0.575,5.0,7.0,0.718,3.0,7.8,3.5,0.7,0.7,3.5,21.7,0
Justin Holiday\holidju01,72,2265,4.6,12.4,0.371,2.6,7.1,0.359,2.1,5.3,0.387,2.1,2.6,0.823,0.5,4.1,2.4,1.3,0.5,1.5,13.9,0
Justin Jackson\jacksju01,68,1506,4.4,10.0,0.442,1.4,4.4,0.308,3.1,5.6,0.547,0.6,0.9,0.722,0.6,3.8,1.8,0.7,0.3,1.0,10.8,2
Justise Winslow\winslju01,68,1680,4.4,10.5,0.424,1.0,2.8,0.38,3.4,7.7,0.44,1.4,2.2,0.635,1.4,6.5,3.2,1.2,0.7,1.6,11.3,2
Jusuf Nurkic\nurkiju01,79,2088,8.3,16.4,0.505,0.0,0.1,0.0,8.3,16.3,0.508,3.0,4.7,0.63,3.3,8.9,2.5,1.1,1.9,3.2,19.5,0
Karl-Anthony Towns\townska01,82,2918,7.9,14.5,0.545,1.5,3.5,0.421,6.4,10.9,0.585,4.3,5.0,0.858,2.9,9.5,2.5,0.8,1.4,2.0,21.5,1
Kelly Olynyk\olynyke01,76,1779,6.4,12.9,0.497,2.1,5.7,0.379,4.2,7.2,0.59,2.7,3.5,0.77,1.8,6.9,4.2,1.3,0.7,3.0,17.6,2
Kelly Oubre\oubreke01,81,2231,5.1,12.7,0.403,2.0,6.0,0.341,3.1,6.8,0.456,3.1,3.8,0.82,1.0,4.9,1.6,1.3,0.6,1.5,15.4,0
Kemba Walker\walkeke02,80,2736,7.7,17.9,0.431,3.0,7.9,0.384,4.7,10.0,0.469,4.8,5.5,0.864,0.4,2.8,5.8,1.2,0.3,2.4,23.3,0
Kent Bazemore\bazemke01,65,1789,5.7,13.6,0.42,2.2,5.5,0.394,3.5,8.1,0.438,3.2,4.0,0.796,0.5,4.5,4.6,2.0,0.9,3.2,16.8,2
Kentavious Caldwell-Pope\caldwke01,74,2458,5.0,11.7,0.426,2.3,6.1,0.383,2.7,5.6,0.473,2.2,2.8,0.789,0.9,4.8,2.4,1.6,0.2,1.4,14.5,0
Kevin Durant\duranke01,68,2325,9.8,18.9,0.516,2.7,6.4,0.419,7.1,12.5,0.565,5.6,6.3,0.889,0.5,6.7,5.7,0.8,1.8,3.2,27.7,0
Kevin Love\loveke01,59,1651,7.3,15.9,0.458,3.0,7.2,0.415,4.3,8.7,0.494,5.1,5.8,0.88,2.2,9.7,2.2,0.9,0.5,2.0,22.7,2
Khris Middleton\middlkh01,82,2982,7.2,15.4,0.466,1.8,4.9,0.359,5.4,10.4,0.517,3.9,4.4,0.884,0.5,4.6,4.0,1.4,0.3,2.3,19.9,1
Klay Thompson\thompkl01,73,2506,8.3,16.9,0.488,3.3,7.5,0.44,5.0,9.5,0.526,1.2,1.4,0.837,0.4,3.5,2.7,0.8,0.5,1.8,21.0,0
Kosta Koufos\koufoko01,71,1391,5.7,10.1,0.571,0.0,0.0,,5.7,10.1,0.571,0.9,1.9,0.446,3.9,8.4,2.3,1.2,0.8,1.3,12.3,2
Kris Dunn\dunnkr01,52,1525,6.8,15.7,0.429,1.0,3.2,0.321,5.7,12.6,0.457,2.0,2.7,0.737,0.6,4.7,7.3,2.5,0.6,3.5,16.5,2
Kristaps Porzingis\porzikr01,48,1553,9.0,20.6,0.439,2.1,5.3,0.395,7.0,15.3,0.454,5.1,6.4,0.793,1.4,5.9,1.3,0.8,2.7,2.2,25.2,2
Kyle Anderson\anderky01,74,1978,4.2,8.0,0.527,0.3,1.0,0.333,3.9,6.9,0.556,1.9,2.7,0.712,1.5,5.7,3.7,2.1,1.1,1.7,10.6,0
Kyle Korver\korveky01,73,1574,5.1,11.1,0.459,3.8,8.6,0.436,1.3,2.5,0.537,1.5,1.6,0.889,0.2,3.6,2.0,0.7,0.6,1.3,15.4,2
Kyle Kuzma\kuzmaky01,77,2401,7.0,15.6,0.45,2.4,6.5,0.366,4.6,9.1,0.511,2.2,3.1,0.707,1.3,5.9,2.1,0.7,0.5,2.1,18.6,0
Kyle Lowry\lowryky01,78,2510,5.8,13.5,0.427,3.4,8.5,0.399,2.4,5.0,0.474,3.2,3.7,0.854,0.9,5.3,7.7,1.2,0.3,2.6,18.2,0
Kyle O'Quinn\oquinky01,77,1387,5.8,10.0,0.583,0.1,0.4,0.235,5.7,9.5,0.599,2.5,3.3,0.772,3.1,9.1,4.1,0.9,2.5,2.6,14.3,2
Kyrie Irving\irvinky01,60,1931,10.0,20.3,0.491,3.1,7.6,0.408,6.9,12.7,0.541,4.3,4.9,0.889,0.6,3.6,5.7,1.2,0.3,2.6,27.3,0
LaMarcus Aldridge\aldrila01,75,2509,9.9,19.3,0.51,0.4,1.3,0.293,9.5,18.0,0.526,4.8,5.7,0.837,3.5,5.6,2.2,0.6,1.3,1.6,24.9,0
Lance Stephenson\stephla01,82,1850,5.9,13.8,0.427,1.3,4.5,0.289,4.6,9.3,0.495,1.6,2.5,0.661,1.2,7.0,4.6,0.9,0.3,2.5,14.7,2
Lance Thomas\thomala01,73,1353,2.7,7.1,0.382,1.3,3.3,0.403,1.4,3.8,0.364,1.2,1.4,0.83,1.2,3.5,1.2,0.8,0.4,1.1,7.9,2
Larry Nance\nancela02,132,2842,6.1000000000000005,10.633333333333333,0.5773333333333334,0.06666666666666667,0.3666666666666667,0.18066666666666667,6.066666666666666,10.299999999999999,0.5906666666666666,2.3333333333333335,3.5,0.672,4.033333333333333,7.533333333333334,2.0333333333333337,2.1999999999999997,1.0333333333333334,1.2,14.666666666666666,1
Lauri Markkanen\markkla01,68,2020,6.7,15.4,0.434,2.6,7.1,0.362,4.1,8.2,0.497,2.5,3.0,0.843,1.4,7.6,1.4,0.7,0.7,1.5,18.4,0
LeBron James\jamesle01,82,3026,10.2,18.8,0.542,1.8,4.8,0.367,8.4,14.0,0.603,4.6,6.3,0.731,1.2,7.3,8.9,1.4,0.8,4.1,26.8,1
Lonzo Ball\balllo01,52,1780,4.1,11.4,0.36,1.8,6.0,0.305,2.3,5.4,0.42,0.6,1.4,0.451,1.4,5.9,7.6,1.8,0.9,2.8,10.7,2
Lou Williams\willilo02,79,2589,8.1,18.6,0.435,2.6,7.2,0.359,5.5,11.4,0.484,6.0,6.8,0.88,0.6,2.2,5.8,1.2,0.3,3.3,24.8,0
Luc Mbah a Moute\mbahalu01,61,1564,3.8,7.9,0.481,1.5,4.0,0.364,2.4,4.0,0.599,1.5,2.2,0.684,0.5,3.8,1.3,1.7,0.6,1.6,10.6,2
Luke Babbitt\babbilu01,100,1430,4.133333333333333,11.033333333333333,0.37766666666666665,2.9333333333333336,8.700000000000001,0.3566666666666667,1.2,2.3666666666666667,0.35633333333333334,0.6666666666666666,0.8333333333333334,0.773,0.39999999999999997,4.166666666666667,1.4666666666666668,0.3333333333333333,0.39999999999999997,0.9666666666666667,11.833333333333334,2
Luke Kennard\kennalu01,73,1463,5.1,11.4,0.443,2.0,4.8,0.415,3.1,6.6,0.463,1.6,1.9,0.855,0.5,3.8,3.1,1.1,0.3,1.7,13.7,2
Malcolm Brogdon\brogdma01,48,1436,6.1,12.6,0.485,1.6,4.0,0.385,4.6,8.6,0.532,1.9,2.1,0.882,0.6,3.3,3.8,1.0,0.3,1.7,15.7,2
Malcolm Delaney\delanma01,54,1014,3.9,10.1,0.382,1.6,4.4,0.371,2.2,5.7,0.391,2.6,3.3,0.804,0.3,3.2,5.8,1.2,0.2,2.3,12.0,2
Manu Ginobili\ginobma01,65,1299,5.6,12.8,0.434,1.8,5.3,0.333,3.8,7.5,0.506,3.0,3.6,0.84,0.5,3.4,4.5,1.2,0.4,2.9,16.0,2
Marc Gasol\gasolma01,73,2408,6.5,15.4,0.42,1.6,4.8,0.341,4.9,10.7,0.456,4.2,5.0,0.834,1.2,7.7,4.6,0.8,1.5,2.9,18.8,0
Marcin Gortat\gortama01,82,2075,5.0,9.7,0.518,0.0,0.0,,5.0,9.7,0.518,1.9,2.8,0.675,3.1,7.7,2.6,0.7,1.1,1.7,12.0,0
Marco Belinelli\belinma01,160,3894,6.266666666666667,14.033333333333333,0.4486666666666667,2.766666666666667,7.266666666666667,0.37799999999999995,3.5666666666666664,6.766666666666667,0.5256666666666666,2.6666666666666665,2.9333333333333336,0.9016666666666667,0.3666666666666667,2.4,2.6666666666666665,1.2,0.23333333333333336,1.7666666666666666,18.066666666666666,1
Marcus Morris\morrima03,54,1447,6.5,15.2,0.429,2.1,5.8,0.368,4.4,9.4,0.467,3.1,3.8,0.805,1.1,6.1,1.8,0.9,0.3,1.6,18.3,2
Marcus Smart\smartma01,54,1614,4.2,11.5,0.367,1.7,5.6,0.301,2.5,5.9,0.429,2.2,3.0,0.729,1.0,3.3,5.8,1.6,0.5,2.9,12.3,2
Mario Chalmers\chalmma01,66,1421,4.3,11.2,0.379,1.3,4.8,0.277,2.9,6.4,0.456,3.0,3.5,0.855,0.3,3.6,5.0,2.0,0.4,3.0,12.8,2
Mario Hezonja\hezonma01,75,1657,5.9,13.4,0.442,2.0,5.8,0.337,4.0,7.6,0.523,1.9,2.3,0.819,0.9,5.2,2.3,1.8,0.7,1.9,15.7,2
Markieff Morris\morrima02,73,1968,6.0,12.6,0.48,1.4,3.8,0.367,4.6,8.8,0.529,1.9,2.3,0.82,1.4,6.1,2.6,1.0,0.7,2.3,15.4,0
Marquese Chriss\chrisma01,72,1527,4.8,11.2,0.423,1.3,4.5,0.295,3.4,6.8,0.509,2.3,3.7,0.608,1.8,7.5,2.0,1.2,1.7,2.5,13.1,2
Marvin Williams\willima02,78,2006,4.6,10.1,0.458,2.3,5.5,0.413,2.4,4.6,0.512,1.8,2.2,0.829,1.3,5.3,1.7,1.0,0.7,1.2,13.4,0
Mason Plumlee\plumlma01,74,1439,5.5,9.2,0.601,0.0,0.0,0.0,5.5,9.2,0.602,2.1,4.5,0.458,3.3,6.7,3.6,1.2,2.0,2.6,13.1,2
Maurice Harkless\harklma01,59,1264,4.2,8.5,0.495,1.4,3.4,0.415,2.8,5.1,0.547,1.2,1.7,0.712,1.3,3.3,1.5,1.4,1.2,1.1,11.0,2
Maxi Kleber\klebima01,72,1206,4.5,9.2,0.489,1.2,3.8,0.313,3.3,5.4,0.613,1.3,1.8,0.746,2.1,4.9,1.5,0.8,1.4,0.9,11.5,2
Michael Beasley\beaslmi01,74,1653,8.9,17.6,0.507,0.7,1.9,0.395,8.2,15.7,0.52,2.7,3.5,0.78,2.1,6.9,2.7,0.8,0.9,3.1,21.3,2
Michael Kidd-Gilchrist\kiddgmi01,74,1850,5.5,10.9,0.504,0.0,0.0,0.0,5.5,10.9,0.505,2.3,3.3,0.684,1.6,4.2,1.4,1.0,0.6,1.0,13.3,2
Mike James\jamesmi02,72,1374,5.633333333333333,17.2,0.331,0.9333333333333332,4.1000000000000005,0.17766666666666667,4.733333333333333,13.1,0.37566666666666665,2.2666666666666666,2.966666666666667,0.762,1.0999999999999999,2.6999999999999997,8.366666666666667,1.6666666666666667,0.26666666666666666,2.4,14.5,2
Mike Muscala\muscami01,53,1060,4.9,10.6,0.458,2.1,5.7,0.371,2.8,4.9,0.559,1.9,2.1,0.919,1.9,5.9,1.7,1.1,0.9,1.4,13.8,2
Mike Scott\scottmi01,76,1406,7.1,13.4,0.527,1.7,4.2,0.405,5.4,9.2,0.582,1.3,1.9,0.658,1.3,5.0,2.0,0.6,0.3,2.0,17.1,2
Milos Teodosic\teodomi01,45,1134,4.8,11.4,0.419,2.8,7.4,0.379,2.0,4.1,0.492,1.2,1.5,0.848,0.5,3.5,6.6,0.7,0.2,3.1,13.6,2
Montrezl Harrell\harremo01,76,1293,9.7,15.3,0.635,0.0,0.2,0.143,9.7,15.1,0.641,3.9,6.2,0.626,2.9,5.7,2.1,1.0,1.4,1.9,23.3,2
Myles Turner\turnemy01,65,1836,6.0,12.5,0.479,1.1,3.1,0.357,4.9,9.5,0.519,3.1,4.0,0.777,1.8,6.4,1.7,0.7,2.3,1.9,16.2,2
Nemanja Bjelica\bjeline01,67,1371,4.5,9.7,0.461,2.0,4.8,0.415,2.5,4.9,0.505,0.9,1.2,0.8,1.4,5.8,2.3,1.3,0.4,1.4,11.9,2
Nick Young\youngni01,80,1393,5.2,12.6,0.412,3.2,8.4,0.377,2.0,4.2,0.481,1.4,1.7,0.862,0.5,2.7,0.9,1.0,0.2,1.0,15.0,2
Nicolas Batum\batumni01,64,1981,4.9,11.8,0.415,1.7,5.0,0.336,3.2,6.8,0.473,2.0,2.4,0.831,1.0,4.5,6.3,1.2,0.4,2.4,13.4,0
Nik Stauskas\stausni01,82,1046,3.1,8.366666666666667,0.3443333333333333,1.9333333333333333,5.066666666666666,0.268,1.2,3.3000000000000003,0.3586666666666667,1.4666666666666668,1.8666666666666665,0.8093333333333333,0.19999999999999998,3.1,2.1333333333333333,1.4000000000000001,0.19999999999999998,2.2333333333333334,9.666666666666666,2
Nikola Jokic\jokicni01,75,2443,7.4,14.9,0.499,1.6,4.1,0.396,5.8,10.8,0.538,3.9,4.6,0.85,2.9,9.0,6.7,1.3,0.9,3.1,20.4,0
Nikola Mirotic\mirotni01,110,2988,7.466666666666668,16.599999999999998,0.4493333333333333,3.3333333333333335,8.666666666666666,0.38033333333333336,4.133333333333333,7.8999999999999995,0.5246666666666667,2.8000000000000003,3.433333333333333,0.8170000000000001,1.3666666666666665,8.333333333333334,1.9666666666666666,1.0666666666666667,0.9333333333333335,1.5333333333333332,21.033333333333335,1
Nikola Vucevic\vucevni01,57,1683,8.5,18.0,0.475,1.4,4.4,0.314,7.2,13.6,0.527,1.6,2.0,0.819,2.2,9.0,4.1,1.2,1.3,2.3,20.1,2
Noah Vonleh\vonleno01,108,1750,4.333333333333333,9.799999999999999,0.449,0.8666666666666667,2.866666666666667,0.312,3.466666666666667,6.8999999999999995,0.5,1.4666666666666668,2.3666666666666667,0.6146666666666666,2.9,9.9,1.4333333333333333,0.8333333333333334,0.6666666666666666,1.2666666666666666,11.0,2
Norman Powell\powelno01,70,1062,5.1,12.7,0.401,1.8,6.3,0.285,3.3,6.4,0.516,1.1,1.3,0.821,0.5,3.6,3.0,1.3,0.5,2.2,13.1,2
OG Anunoby\anunoog01,74,1481,4.0,8.4,0.471,1.8,4.8,0.371,2.2,3.6,0.604,0.9,1.5,0.629,1.1,3.4,1.3,1.3,0.3,1.1,10.6,2
Otto Porter\porteot01,77,2432,6.6,13.1,0.503,2.0,4.6,0.441,4.5,8.5,0.537,1.6,1.9,0.828,1.5,5.8,2.3,1.7,0.6,1.1,16.8,0
P.J. Tucker\tuckepj01,82,2281,2.7,7.0,0.39,1.8,4.9,0.371,0.9,2.1,0.435,0.7,0.9,0.717,1.5,5.7,1.2,1.2,0.4,1.2,7.9,0
Pascal Siakam\siakapa01,81,1679,5.4,10.7,0.508,0.6,2.8,0.22,4.8,7.8,0.612,1.2,1.9,0.621,1.7,6.1,3.4,1.3,0.9,1.4,12.6,2
Pat Connaughton\connapa01,82,1488,4.0,9.4,0.423,1.8,5.1,0.352,2.2,4.4,0.506,0.9,1.1,0.841,0.9,3.0,2.2,0.6,0.5,1.0,10.7,2
Patrick Patterson\pattepa01,82,1270,3.0,7.5,0.398,1.9,4.8,0.386,1.1,2.7,0.421,1.1,1.3,0.87,0.9,4.6,1.6,1.4,0.7,0.9,9.0,2
Patty Mills\millspa02,82,2107,4.8,11.7,0.411,2.6,7.1,0.372,2.2,4.6,0.47,1.8,2.0,0.89,0.4,2.2,3.9,0.9,0.2,1.8,14.0,0
Pau Gasol\gasolpa01,77,1812,5.7,12.5,0.458,0.9,2.4,0.358,4.8,10.1,0.481,3.1,4.2,0.756,2.6,9.7,4.7,0.5,1.6,2.1,15.4,2
Paul George\georgpa01,79,2891,7.2,16.7,0.43,3.0,7.6,0.401,4.1,9.1,0.454,4.2,5.1,0.822,0.9,4.7,3.3,2.0,0.5,2.6,21.6,1
Paul Millsap\millspa01,38,1143,6.4,13.7,0.464,1.2,3.6,0.345,5.1,10.1,0.506,3.5,5.1,0.696,2.0,5.7,3.3,1.2,1.4,2.3,17.5,2
Quincy Acy\acyqu01,70,1359,3.4,9.7,0.356,2.7,7.7,0.349,0.7,1.9,0.384,1.3,1.6,0.817,1.1,5.7,1.5,0.9,0.8,1.6,10.9,2
Rajon Rondo\rondora01,65,1705,4.9,10.4,0.468,1.1,3.2,0.333,3.8,7.3,0.526,0.5,1.0,0.543,0.7,4.9,11.3,1.5,0.2,3.2,11.3,2
Raymond Felton\feltora01,82,1365,5.9,14.6,0.406,2.1,6.1,0.352,3.8,8.5,0.444,0.9,1.2,0.818,0.7,3.5,5.4,1.3,0.4,2.0,14.9,2
Reggie Bullock\bullore01,62,1732,5.5,11.3,0.489,2.6,5.8,0.445,3.0,5.5,0.536,0.8,1.0,0.796,0.6,2.6,2.0,1.0,0.3,1.0,14.5,2
Reggie Jackson\jacksre01,45,1201,7.4,17.3,0.426,1.6,5.1,0.308,5.8,12.2,0.475,3.4,4.0,0.836,0.9,2.9,7.1,0.8,0.1,3.0,19.7,2
Ricky Rubio\rubiori01,77,2254,5.5,13.2,0.418,1.5,4.4,0.352,4.0,8.8,0.451,3.5,4.1,0.866,0.7,4.9,6.5,1.9,0.2,3.3,16.1,0
Robert Covington\covinro01,80,2532,4.9,11.9,0.413,2.9,7.8,0.369,2.0,4.1,0.497,1.6,1.9,0.853,0.8,5.4,2.2,1.9,1.0,1.8,14.3,0
Robin Lopez\lopezro01,64,1690,7.3,13.7,0.53,0.1,0.3,0.286,7.2,13.4,0.536,1.4,1.9,0.756,2.9,3.3,2.6,0.3,1.1,2.3,16.1,2
Rodney Hood\hoodro01,120,3232,7.0,16.166666666666668,0.43166666666666664,2.6333333333333333,6.966666666666666,0.37399999999999994,4.333333333333333,9.200000000000001,0.4713333333333334,2.3666666666666667,2.766666666666667,0.8496666666666667,0.5,3.1666666666666665,2.1,1.0,0.26666666666666666,1.4000000000000001,18.933333333333334,1
Rondae Hollis-Jefferson\holliro01,68,1920,6.4,13.6,0.472,0.2,1.0,0.241,6.2,12.6,0.491,4.7,5.9,0.788,1.9,6.7,3.1,1.2,0.9,2.3,17.7,0
Royce O'Neale\onealro01,69,1150,3.8,8.9,0.423,1.3,3.7,0.356,2.4,5.2,0.47,1.9,2.4,0.803,0.8,6.6,3.0,1.1,0.5,1.7,10.7,2
Rudy Gay\gayru01,57,1231,7.4,15.7,0.471,1.1,3.5,0.314,6.3,12.3,0.516,3.3,4.2,0.772,2.2,6.3,2.1,1.3,1.1,2.3,19.2,2
Rudy Gobert\goberru01,56,1816,5.5,8.8,0.622,0.0,0.0,,5.5,8.8,0.622,4.0,5.9,0.682,3.3,8.6,1.6,0.9,2.6,2.1,15.0,2
Russell Westbrook\westbru01,80,2914,9.4,20.8,0.449,1.2,4.0,0.298,8.2,16.8,0.485,5.2,7.0,0.737,1.9,8.1,10.1,1.8,0.2,4.7,25.1,1
Ryan Anderson\anderry01,66,1725,4.3,10.0,0.431,2.7,7.1,0.386,1.6,2.9,0.539,1.5,1.9,0.774,2.0,4.9,1.3,0.5,0.4,0.9,12.9,2
Sean Kilpatrick\kilpase01,104,1280,6.2,16.619999999999997,0.3734,2.62,7.88,0.3366,3.62,8.74,0.4168,3.3200000000000003,3.6799999999999997,0.9192,0.24,4.220000000000001,2.6399999999999997,0.6,0.24,1.94,18.36,2
Semi Ojeleye\ojelese01,73,1150,2.0,5.9,0.346,1.3,3.9,0.32,0.8,2.0,0.397,0.8,1.3,0.61,1.2,3.9,0.6,0.7,0.1,0.8,6.1,2
Serge Ibaka\ibakase01,76,2093,6.5,13.5,0.483,1.8,5.1,0.36,4.7,8.4,0.559,1.6,2.0,0.797,1.3,6.9,1.1,0.5,1.7,1.5,16.5,0
Shabazz Napier\napiesh01,74,1535,5.2,12.5,0.42,1.9,5.1,0.376,3.3,7.3,0.45,2.7,3.2,0.841,0.6,3.4,3.5,1.9,0.3,2.1,15.1,2
Shaun Livingston\livinsh01,71,1129,5.5,10.9,0.501,0.0,0.2,0.0,5.5,10.8,0.509,1.6,1.9,0.82,1.0,3.2,4.5,1.1,0.7,1.8,12.6,2
Shelvin Mack\macksh01,69,1365,4.7,10.9,0.43,1.3,3.7,0.345,3.4,7.3,0.473,1.8,2.6,0.711,0.6,3.8,7.2,1.4,0.2,2.3,12.5,2
Sindarius Thornwell\thornsi01,73,1156,3.1,7.3,0.429,0.7,1.9,0.377,2.4,5.4,0.448,1.8,2.7,0.67,1.0,3.3,2.1,1.5,0.8,1.7,8.8,2
Skal Labissiere\labissk01,60,1240,6.0,13.3,0.448,0.5,1.5,0.353,5.4,11.8,0.459,2.8,3.4,0.805,2.9,5.5,2.1,0.7,1.4,2.1,15.2,2
Spencer Dinwiddie\dinwisp01,80,2306,5.1,13.1,0.387,2.2,6.8,0.326,2.9,6.3,0.452,3.4,4.2,0.813,0.6,3.4,8.2,1.1,0.4,2.0,15.7,0
Stanley Johnson\johnsst04,69,1894,4.0,10.6,0.375,1.3,4.4,0.286,2.7,6.2,0.439,2.1,2.8,0.772,0.6,4.2,2.1,1.8,0.3,1.5,11.4,0
Stephen Curry\curryst01,51,1631,9.4,19.1,0.495,4.7,11.1,0.423,4.8,8.0,0.595,6.1,6.7,0.921,0.8,5.0,6.8,1.8,0.2,3.4,29.7,2
Steven Adams\adamsst01,76,2487,6.5,10.3,0.629,0.0,0.0,0.0,6.5,10.3,0.631,2.3,4.1,0.559,5.6,4.4,1.3,1.3,1.1,1.9,15.3,0
T.J. McConnell\mccontj01,76,1706,4.4,8.9,0.499,0.6,1.3,0.435,3.9,7.6,0.51,0.7,0.8,0.795,0.8,4.0,6.4,1.9,0.3,2.4,10.1,2
T.J. Warren\warretj01,65,2142,8.9,17.9,0.498,0.3,1.5,0.222,8.6,16.4,0.523,3.2,4.3,0.757,2.1,3.5,1.4,1.1,0.7,1.4,21.4,0
Taj Gibson\gibsota01,82,2726,5.6,9.7,0.577,0.1,0.5,0.2,5.5,9.3,0.595,1.9,2.4,0.768,2.6,5.2,1.3,0.8,0.8,1.2,13.2,0
Taurean Waller-Prince\princta02,82,2464,6.1,14.2,0.426,2.6,6.7,0.385,3.5,7.6,0.461,2.2,2.6,0.844,0.7,5.0,3.1,1.2,0.6,2.8,16.9,0
Terry Rozier\roziete01,80,2068,5.5,13.9,0.395,2.7,7.0,0.381,2.8,6.9,0.41,2.0,2.6,0.772,1.1,5.4,4.0,1.4,0.3,1.4,15.7,0
Thaddeus Young\youngth01,81,2607,5.8,11.9,0.487,0.8,2.5,0.32,5.0,9.4,0.531,0.8,1.3,0.598,2.5,4.5,2.1,1.9,0.5,1.4,13.2,0
Thon Maker\makerth01,74,1238,3.8,9.2,0.411,0.9,3.0,0.298,2.9,6.2,0.467,1.9,2.7,0.699,2.2,4.4,1.3,1.1,1.5,1.3,10.4,2
Tim Hardaway\hardati02,57,1885,6.9,16.3,0.421,2.5,7.8,0.317,4.4,8.5,0.516,2.8,3.4,0.816,0.6,3.7,3.0,1.2,0.2,1.8,19.0,0
Tobias Harris\harrito02,160,5336,7.633333333333333,16.5,0.4613333333333333,2.466666666666667,5.966666666666666,0.41133333333333333,5.166666666666667,10.566666666666666,0.48900000000000005,2.3666666666666667,2.8666666666666667,0.8250000000000001,0.7666666666666666,5.166666666666667,2.6666666666666665,1.0,0.5,1.4666666666666668,20.066666666666666,1
Tomas Satoransky\satorto01,73,1643,4.4,8.4,0.523,1.0,2.2,0.465,3.4,6.2,0.544,1.6,2.1,0.781,1.6,3.5,6.3,1.1,0.3,1.8,11.5,2
Tony Parker\parketo01,55,1071,6.0,13.0,0.459,0.3,1.2,0.27,5.6,11.8,0.479,1.8,2.6,0.705,0.2,3.0,6.6,0.9,0.0,2.3,14.2,2
Tony Snell\snellto01,75,2053,3.2,7.5,0.435,1.9,4.7,0.403,1.4,2.8,0.49,0.7,0.8,0.792,0.2,2.3,1.7,0.8,0.5,0.6,9.0,0
Treveon Graham\grahatr01,63,1050,3.3,7.6,0.434,1.4,3.3,0.412,1.9,4.3,0.452,1.4,2.0,0.695,1.4,2.7,2.0,1.1,0.1,0.9,9.4,2
Trevor Ariza\arizatr01,67,2269,4.3,10.3,0.412,2.7,7.3,0.368,1.6,3.0,0.519,1.2,1.4,0.854,0.5,4.1,1.7,1.6,0.2,0.8,12.4,0
Trevor Booker\booketr01,136,2316,5.525,10.875,0.51325,0.25,1.125,0.248,5.275,9.75,0.54325,1.975,2.775,0.7495,3.7,6.275,2.575,0.825,0.675,1.8,13.35,0
Trey Lyles\lylestr01,73,1391,7.0,14.2,0.491,2.1,5.6,0.381,4.8,8.6,0.563,2.6,3.7,0.706,1.4,7.6,2.4,0.8,0.9,1.6,18.7,2
Tristan Thompson\thomptr01,53,1072,4.4,7.9,0.562,0.0,0.0,,4.4,7.9,0.562,1.4,2.7,0.544,4.2,7.6,1.1,0.5,0.6,1.2,10.3,2
Troy Daniels\danietr01,79,1622,5.1,12.8,0.403,4.1,10.2,0.4,1.1,2.6,0.419,1.2,1.4,0.875,0.3,2.6,1.1,0.6,0.1,1.2,15.6,2
Tyler Johnson\johnsty01,72,2052,5.4,12.5,0.435,2.1,5.7,0.367,3.3,6.8,0.491,1.9,2.3,0.822,0.6,3.8,2.9,1.1,0.6,1.4,14.8,0
Tyler Ulis\ulisty01,71,1658,4.6,12.0,0.388,0.9,3.2,0.288,3.7,8.8,0.425,1.8,2.2,0.832,0.5,2.3,6.8,1.5,0.2,2.8,12.0,2
Tyler Zeller\zellety01,132,2218,6.0,10.6,0.5653333333333334,0.26666666666666666,0.7999999999999999,0.24733333333333332,5.7,9.799999999999999,0.5823333333333333,1.8,2.466666666666667,0.7613333333333333,3.6666666666666665,6.233333333333333,1.5333333333333332,0.5,1.1333333333333335,1.4666666666666668,14.066666666666668,0
Tyreke Evans\evansty01,52,1607,8.2,18.1,0.452,2.6,6.4,0.399,5.6,11.7,0.482,3.7,4.7,0.785,1.0,5.0,6.0,1.3,0.4,2.6,22.6,2
Tyson Chandler\chandty01,46,1151,3.8,5.8,0.647,0.0,0.0,,3.8,5.8,0.647,1.8,2.9,0.624,4.2,8.9,1.7,0.5,0.8,1.8,9.4,2
Tyus Jones\jonesty01,82,1467,3.7,8.0,0.457,1.1,3.2,0.349,2.6,4.9,0.528,1.7,2.0,0.877,0.4,2.8,5.7,2.3,0.1,1.4,10.2,2
Victor Oladipo\oladivi01,75,2552,9.0,18.9,0.477,2.3,6.1,0.371,6.8,12.8,0.528,4.1,5.2,0.799,0.7,4.8,4.6,2.5,0.8,3.1,24.5,0
Vince Carter\cartevi01,58,1026,4.0,9.9,0.403,2.0,5.8,0.345,2.0,4.1,0.483,1.0,1.3,0.757,0.6,4.6,2.4,1.5,0.9,1.3,11.0,2
Wayne Ellington\ellinwa01,77,2041,5.0,12.3,0.407,4.0,10.2,0.392,1.0,2.1,0.479,1.2,1.4,0.859,0.4,3.4,1.4,0.9,0.1,0.9,15.2,0
Wesley Iwundu\iwundwe01,62,1020,3.3,7.7,0.427,0.3,1.6,0.196,3.0,6.1,0.488,1.2,1.7,0.723,1.3,3.6,2.0,1.2,0.4,1.1,8.1,2
Wesley Johnson\johnswe01,74,1486,3.6,8.9,0.408,1.5,4.3,0.339,2.2,4.6,0.471,1.0,1.4,0.741,0.7,4.5,1.5,1.8,1.5,1.3,9.8,2
Wesley Matthews\matthwe02,63,2131,4.8,11.8,0.406,2.6,6.8,0.381,2.2,5.0,0.441,1.4,1.7,0.822,0.5,2.9,2.9,1.3,0.3,1.4,13.5,0
Will Barton\bartowi01,81,2683,6.2,13.8,0.452,2.1,5.7,0.37,4.1,8.1,0.51,2.4,3.0,0.805,0.9,4.5,4.4,1.1,0.7,2.0,17.0,0
Willie Cauley-Stein\caulewi01,73,2044,6.8,13.6,0.502,0.1,0.2,0.25,6.8,13.4,0.506,2.7,4.4,0.619,2.3,6.7,3.0,1.4,1.2,1.9,16.4,0
Wilson Chandler\chandwi01,74,2346,4.3,9.7,0.445,1.4,3.8,0.358,3.0,5.9,0.501,1.4,1.7,0.772,1.6,4.5,2.4,0.7,0.6,1.4,11.3,0
Yogi Ferrell\ferreyo01,82,2282,4.9,11.5,0.426,2.1,5.7,0.373,2.8,5.9,0.477,1.3,1.6,0.796,0.4,3.5,3.2,1.0,0.1,1.2,13.2,0
Zach Collins\colliza01,66,1045,4.0,10.0,0.398,1.2,3.9,0.31,2.8,6.1,0.455,0.9,1.4,0.643,1.6,6.1,1.8,0.6,1.1,2.0,10.1,2
Zach Randolph\randoza01,59,1508,8.6,18.2,0.473,1.2,3.5,0.347,7.4,14.7,0.503,2.0,2.6,0.785,2.3,7.2,3.0,1.0,0.2,2.8,20.5,2
